name,index,score,coord_x,coord_y,coord_z,label,residues
trj30,1,0.195261,34.690365,55.183571,29.737848,, _4016_ASP; _4017_MET; _4045_ARG; _4046_LEU; _4047_TYR; _4048_ILE; _4058_ALA; _4059_GLY; _4060_GLY; _4061_LEU; _4062_LEU; _4063_ARG; _4120_ASP; _4122_ARG
trj30,2,0.081063,74.116287,52.667728,56.616451,, _4321_GLN; _4324_GLN; _4325_ILE; _4326_HIS; _4337_SER; _4338_ALA; _4339_HIS; _4342_PHE; _4343_ASN; _4344_GLN; _4345_LEU; _4346_ASP
trj30,3,0.058918,59.008476,54.716366,55.206402,, _4084_SER; _4085_PRO; _4086_GLY; _4087_ASP; _4088_ARG; _4089_VAL; _4090_THR; _4128_PHE; _4129_THR; _4147_GLU; _4148_SER; _4149_GLU; _4150_ASP; _4151_TYR; _4301_THR; _4302_GLY; _4303_THR; _4316_GLY; _4340_THR; _4341_CYS; _4343_ASN
trj30,4,0.056888,58.122433,51.886089,72.614899,, _4152_HIS; _4153_PHE; _4154_TYR; _4156_GLY; _4157_LEU; _4160_LEU; _4170_TYR; _4172_LEU; _4180_GLU; _4181_PHE; _4182_GLY; _4210_VAL; _4214_ARG
trj30,5,0.056493,58.640461,62.566307,47.791023,, _4087_ASP; _4088_ARG; _4089_VAL; _4303_THR; _4305_LYS; _4306_VAL; _4307_PRO; _4308_LEU; _4309_GLN; _4310_GLY; _4313_ALA; _4314_LEU; _4315_GLU
trj30,6,0.024434,50.527775,53.500874,62.911858,, _4082_ARG; _4083_THR; _4084_SER; _4085_PRO; _4092_THR; _4093_ILE; _4095_PRO; _4129_THR; _4131_SER; _4146_MET; _4149_GLU; _4150_ASP; _4214_ARG; _4215_MET; _4219_ILE
trj30,7,0.014762,45.061493,54.624958,37.219746,, _4062_LEU; _4063_ARG; _4066_TYR; _4067_MET; _4070_SER; _4117_ALA; _4121_ASN; _4122_ARG; _4123_LEU; _4124_LEU; _4125_GLU; _4250_LEU; _4251_ILE; _4252_SER; _4253_GLY
